
{
  "intents": [
    {
      "tag": "greet",
      "patterns": [
        "hi", "hello", "hey", "good morning", "good evening", "hiya", 
        "what's up", "howdy", "yo", "hey there", "hi bot", "hello friend"
      ],
      "responses": [
        "Hello! How’s it going?",
        "Hey there! How are you today?",
        "Hi! Nice to see you. How are you doing?",
        "Good to see you! Everything okay?",
        "Hey! How’s your day so far?"
      ]
    },
    {
      "tag": "casual_reply",
      "patterns": [
        "i'm good", "i'm fine", "doing great", "all good", "pretty good",
        "not bad", "going well", "okay", "good thanks", "fine thanks"
      ],
      "responses": [
        "Glad to hear that!",
        "That’s great 😊",
        "Awesome! Keep it up.",
        "Cool! Hope your day gets even better.",
        "Happy to know you're doing well!"
      ]
    },
    {
      "tag": "casual_bad",
      "patterns": [
        "not good", "i'm sad", "feeling bad", "not great", "tired", 
        "stressed", "i'm upset", "bad day"
      ],
      "responses": [
        "Oh no, I’m sorry to hear that. Want to talk about it?",
        "That sounds tough. Hope things get better soon ❤️",
        "I’m here if you need a little positivity!",
        "Bad days happen, but remember tomorrow is fresh.",
        "Sending you some good vibes 🌸"
      ]
    },
    {
      "tag": "smalltalk_howareyou",
      "patterns": [
        "how are you", "how's it going", "what's up", "how are you doing", 
        "how do you feel", "how are things"
      ],
      "responses": [
        "I’m doing great, thanks for asking! How about you?",
        "I’m good! Just happy to chat with you. How are you?",
        "I’m doing well, keeping busy helping people like you!",
        "Pretty awesome 😎 How’s your day going?",
        "I’m all good. What about you?"
      ]
    },
    {
      "tag": "thanks",
      "patterns": [
        "thanks", "thank you", "thx", "thanks a lot", "cheers", "ty",
        "appreciate it", "thanks buddy", "thank you so much"
      ],
      "responses": [
        "You're very welcome!",
        "Anytime 😊",
        "Glad I could help!",
        "No problem at all!",
        "Happy to assist you."
      ]
    },
    {
      "tag": "goodbye",
      "patterns": [
        "bye", "goodbye", "see you", "catch you later", "talk to you later",
        "take care", "see ya", "good night"
      ],
      "responses": [
        "Goodbye! Have a great day ahead.",
        "See you soon!",
        "Take care!",
        "Bye-bye 👋",
        "Catch you later!"
      ]
    },
    {
      "tag": "products",
      "patterns": [
        "products", "what do you sell", "show me products", "what items do you have", 
        "can i see your catalog", "do you sell something", "tell me about your products"
      ],
      "responses": [
        "We offer a wide range of services and products. Can you specify what you are looking for?",
        "Sure! Could you tell me what category of products interests you?",
        "We have different options available. Do you want me to list them?"
      ]
    },
    {
      "tag": "pricing",
      "patterns": [
        "pricing", "how much does it cost", "price details", "cost", "rate",
        "what's the price", "fees", "charges", "how expensive is it"
      ],
      "responses": [
        "Our pricing depends on the product/service. Please check our pricing page or ask for a specific item.",
        "It varies! Can you tell me which service/product you’re interested in?",
        "We have flexible pricing options. Do you want me to share details for a specific product?"
      ]
    },
    {
      "tag": "hours",
      "patterns": [
        "hours", "opening hours", "when are you open", "working time", 
        "what time do you open", "office hours", "shop timings"
      ],
      "responses": [
        "We are open from 9 AM to 6 PM, Monday to Saturday.",
        "Our working hours are 9 AM – 6 PM, Monday to Saturday.",
        "We’re available from 9 to 6, Monday through Saturday."
      ]
    },
    {
      "tag": "help",
      "patterns": [
        "help", "support", "i need assistance", "i need help", "can you help me", 
        "help please", "need guidance", "support needed"
      ],
      "responses": [
        "Sure! I can help. Please tell me what you need assistance with.",
        "Of course! What do you need help with?",
        "I’m here to assist you. What seems to be the issue?"
      ]
    },
    {
      "tag": "fallback",
"patterns": ["*"], 
"responses": [
  "Hmm, I didn’t catch that 😅 Can you say it differently?",
  "I’m not sure I understood. Could you rephrase?",
  "Oops, I’m learning new things every day! Can you try again?",
  "I didn’t get that, but I’m happy to chat! Tell me more."
]
    }
  ]
}

